Year,Temp
1901,24.352810469193532
1902,24.722819051359984
1903,25.180555349833355
1904,25.31420404362473
1905,24.71553174135566
1906,23.46252428069905
1907,23.32399227972068
1908,22.98492080532825
1909,23.33656861995475
1910,24.082119700387675
